{
  "model_type": "GaussianNB",
  "train_accuracy": 0.981321128154379,
  "test_accuracy": 0.9826818406729342,
  "labels": [
    "Không hợp lệ",
    "Bật điều hòa",
    "Bật máy hút ẩm",
    "Bật máy sưởi",
    "Chế độ bình thường"
  ],
  "feature_order": [
    "temperature",
    "humidity"
  ],
  "classes": [
    0,
    1,
    2,
    3,
    4
  ],
  "class_prior": [
    0.033275606135576445,
    0.5141019297377536,
    0.1211034141514102,
    0.23268184067293418,
    0.09883720930232558
  ],
  "theta": [
    [
      -1.891391396522522,
      0.3159438669681549
    ],
    [
      0.619351327419281,
      -0.16294993460178375
    ],
    [
      0.658416211605072,
      0.6202368140220642
    ],
    [
      -1.1736304759979248,
      -0.0038915742188692093
    ],
    [
      -0.6285713315010071,
      -0.009602346457540989
    ]
  ],
  "variance": [
    [
      0.048251454787089476,
      24.0045223246084
    ],
    [
      0.4027546654210826,
      0.13679634134633745
    ],
    [
      0.4162244210706493,
      0.008254702271654257
    ],
    [
      0.05127535115344728,
      0.20749273996217454
    ],
    [
      0.007158653413637528,
      0.18269142608506883
    ]
  ],
  "epsilon": 1.0000010819410932e-09,
  "zscore_mean": [
    47.475494384765625,
    50.59525680541992
  ],
  "zscore_std": [
    30.240468978881836,
    63.27154541015625
  ]
}